,# PM资源配置 v2（含利用率/预留/钉钉联系方式；可用「导入 CSV/JSON」迁移环境）,,,,,,,,
,=== 团队列表 (Teams) ===,,,,,,,,
,ID,名称,类别代码,利用率,Bug修复h,技术债h,会议损耗h,人数,本周可用(h)
,group01,体验组,art,0,0,0,0,6,144
,group02,特效组,art,0,0,0,0,6,144
,group03,模型组,art,0,0,0,0,3,72
,group04,动作组,art,0,0,0,0,5,120
,group05,2D组,art,0,0,0,0,6,144
,group06,视频组,art,0,0,0,0,4,96
,group07,音频组,art,0,0,0,0,2,48
,group08,后端组,engineering,0,0,0,0,3,96
,group09,前端组,engineering,0,0,0,0,8,192
,group10,引擎组,engineering,0,0,0,0,1,24
,group11,TA组,art,0,0,0,0,3,72
,group12,系统组,design,0,0,0,0,3,72
,group13,数据组,design,0,0,0,0,2,48
,group14,战斗组,design,0,0,0,0,5,120
,group15,数值组,design,0,0,0,0,4,96
,group17,质控组,other,0,0,0,0,5,144
,team_1773410447128_nlh7,实验组,design,0,0,0,0,2,24
,team_1773410447128_obnz,PMO,other,0,0,0,0,2,48
,team_1774415497557,运营组,design,0,0,0,0,2,48
,group00,主管,leader,0,0,0,0,7,0
,,,,,,,,,
,,,,,,,,,
,=== 人员列表 (Users) ===,,,,,,,,
ID_NEW,ID,姓名,角色,所属团队ID,手机号,钉钉CID,扩展ID_JSON,,
,u076,任鹏锐,QA,group00,15850506062,,,,
,u077,戚亚凡,QA,group17,13642044321,,,,
,u078,赵云歆,QA,group17,13581876119,,,,
,u079,吴凡QA,QA,group17,17710255342,46459012:87342599,,,
,u080,程文静,QA,group17,,,,,
,u082,白如霜,QA,group17,,,,,
,u058,崔忠仁,运营,team_1774415497557,18752099618,46459012:436804184,,,
,u062,刘泊霆,运营,team_1774415497557,17600698475,46459012:3600063488,,,
,u070,吴苗苗,数值,group15,,,,,
,u010,徐一卜,数值,group15,,,,,
,u071,吕佳悦,数值,group15,15588318606,,,,
,u072,毛永林,数值,group15,15888759803,,,,
,u065,胡亚飞,战斗,group14,18618368250,,,,
,u066,张旭哲,战斗,group14,13941156523,,,,
,u067,张颖,战斗,group14,17766476592,,,,
,u068,赵宇驰,战斗,group14,17381666321,,,,
,u069,王翕然,战斗,group14,18800149290,,,,
,u063,杨琳,数据,group13,,,,,
,u064,程家叙,实验,team_1773410447128_nlh7,,,,,
,u020,谷京儒,数据,group13,,,,,
,u021,张梦君,PM,team_1773410447128_obnz,17610735216,46459012:681274147,,,
,u059,李思奕,系统,group12,,,,,
,u060,郑杉,系统,group12,17801020720,,,,
,u061,李振源,系统,group12,13772505300,,,,
,u055,王天楠,TA,group11,,,,,
,u056,常慧虹,TA,group11,,,,,
,u057,郭一冰,TA,group11,,,,,
,u053,车君怡,引擎,group00,13120191796,,,,
,u054,胡新越,引擎,group10,,,,,
,u044,史少光,前端,group09,13521867655,,,,
,u045,侯继轩,前端,group09,18810521449,,,,
,u046,李慧心,前端,group09,18846429058,,,,
,u047,李东旭,前端,group09,15010774493,,,,
,u048,王飞,前端,group09,15623827138,,,,
,u049,乔子骜,前端,group09,13939012712,,,,
,u050,邓夏唯,前端,group09,18801290023,,,,
,u051,李尧,前端,group09,15502518244,,,,
,u040,杨玉涛,后端,group00,13426289815,,,,
,u041,李国祥,后端,group08,15510262290,,,,
,u042,邓小强,后端,group08,13479654511,,,,
,u043,韩超,后端,group08,15339476656,,,,
,u005,周闯,动效,group01,,,,,
,u073,孙悦,UE,group01,18510958068,,,,
,u074,龚锦,UE,group01,18838916547,,,,
,u075,穆建博,UE,group01,,,,,
,u022,肖鹏,动画,group04,,,,,
,u083,吴少伟,动画,group04,,,,,
,u023,李镇宇,动画,group04,,,,,
,u025,任琦跃,动画,group04,,,,,
,u026,芦冠英,动画,group04,,,,,
,u015,张志彬,模型,group03,,,,,
,u016,毕晓波,模型,group03,,,,,
,u017,郑洋,模型,group03,,,,,
,u007,赵圃瑞,特效,group02,15011253024,,,,
,u009,裴啸年,特效,group02,,,,,
,u011,于萍萍,特效,group02,,,,,
,u013,郝天宇,特效,group02,,,,,
,u027,胡泽鑫,动画,group02,,,,,
,u084,刘兆蕊,成员,group02,,,,,
,u038,唐津,音效,group07,,,,,
,u039,葛川,音效,group07,,,,,
,u029,肇一龙,2D,group06,,,,,
,u035,李磊,分镜,group06,,,,,
,u036,霍信心,分镜,group06,,,,,
,u037,夏晶莹,分镜,group06,,,,,
,u028,刘璐,模型,group05,,,,,
,u030,陈晨BY,2D,group05,,,,,
,u031,沈钢,2D,group05,,,,,
,u032,董云轩,2D,group05,,,,,
,u033,戴博龙,2D,group05,,,,,
,u001,闫帅,UI,group01,13588302468,,,,
,u002,雷菁艺,UI,group05,,,,,
,u003,王群,UI,group01,,,,,
,u085,崔正钦,主美,group00,13426136056,,,,
,u086,纪小可,主美,group00,,,,,
,u087,屈丽茹,APM,team_1773410447128_obnz,13269668329,,,,
,u088,刘洋,数值实验主管,group00,,,,,
,u081,孙懿,制作人,group00,13466790119,,,,
,u089,刘品,实验,team_1773410447128_nlh7,,,,,
